ANO_ELEICAO,SG_UF,SG_UE,NM_UE,CD_MUNICIPIO,NM_MUNICIPIO,code_muni,mesorregiao,NR_TURNO,SQ_CANDIDATO,NM_URNA_CANDIDATO,SG_PARTIDO,ideologia_media,espectro,votos_candidato,votos_validos_turno,pct_votos
2024,PE,23000,QUIXABA,23000,QUIXABA,2611533,Sertão,1,170002146336,ZE PRETINHO,AVANTE,6.667,Centro-direita,3757,5034,74.63249900675407
2024,PE,23019,AFOGADOS DA INGAZEIRA,23019,AFOGADOS DA INGAZEIRA,2600104,Sertão,1,170002105372,SANDRINHO PALMEIRA,PSB,3.699,Centro-esquerda,13061,22670,57.61358623731804
2024,PE,23027,LAGOA DO CARRO,23027,LAGOA DO CARRO,2608453,Mata,1,170002040024,ZÉ LUIZ,PODE,7.666,Direita,7172,13584,52.79740871613663
2024,PE,23035,AFRÂNIO,23035,AFRÂNIO,2600203,São Francisco,1,170002041088,CLOVES RAMOS,MDB,6.698,Centro-direita,9871,14472,68.20757324488667
2024,PE,23043,SANTA CRUZ DA BAIXA VERDE,23043,SANTA CRUZ DA BAIXA VERDE,2612471,Sertão,1,170002389933,DR. ISMAEL,REPUBLICANOS,8.584,Extrema direita,4918,8375,58.722388059701494
2024,PE,23051,AGRESTINA,23051,AGRESTINA,2600302,Agreste,1,170002025621,JOSUÉ MENDES,PSB,3.699,Centro-esquerda,10517,10517,100
2024,PE,23060,XEXÉU,23060,XEXÉU,2616506,Mata,1,170002132493,THIAGO DE MIEL,PSD,7.151,Direita,6617,6617,100
2024,PE,23078,ÁGUA PRETA,23078,ÁGUA PRETA,2600401,Mata,1,170001925080,MIRUCA,PSB,3.699,Centro-esquerda,7997,15931,50.19772770070931
2024,PE,23086,VERTENTE DO LÉRIO,23086,VERTENTE DO LÉRIO,2616183,Agreste,1,170002063929,DR. HISTÊNIO,MDB,6.698,Centro-direita,3783,7043,53.71290643191821
2024,PE,23094,ÁGUAS BELAS,23094,ÁGUAS BELAS,2600500,Agreste,1,170002061556,DR ELTON MARTINS,REPUBLICANOS,8.584,Extrema direita,12768,24986,51.100616345153284
2024,PE,23108,SANTA CRUZ,23108,SANTA CRUZ,2612455,Sertão,1,170001883054,CACHOEIRA,AVANTE,6.667,Centro-direita,8020,10752,74.59077380952381
2024,PE,23116,ALAGOINHA,23116,ALAGOINHA,2600609,Agreste,1,170002332785,SIMÃOZINHO,PSDB,6.966,Centro-direita,6950,9738,71.36989114807969
2024,PE,23124,JUCATI,23124,JUCATI,2608255,Agreste,1,170002196014,CLELSON PEIXOTO,REPUBLICANOS,8.584,Extrema direita,6278,7914,79.3277735658327
2024,PE,23132,ALIANÇA,23132,ALIANÇA,2600708,Mata,1,170001961728,PEDRO FREITAS,PP,8.398,Direita,17802,21366,83.31929233361416
2024,PE,23140,DORMENTES,23140,DORMENTES,2605152,São Francisco,1,170002058428,CORRINHA DE GEOMARCO,PSB,3.699,Centro-esquerda,11727,11727,100
2024,PE,23159,ALTINHO,23159,ALTINHO,2600807,Agreste,1,170002329999,MARIVALDO PENA,PSB,3.699,Centro-esquerda,6860,13985,49.0525563103325
2024,PE,23167,CARNAUBEIRA DA PENHA,23167,CARNAUBEIRA DA PENHA,2603926,São Francisco,1,170002024403,ELIZINHO,PSDB,6.966,Centro-direita,5978,10916,54.7636496885306
2024,PE,23175,AMARAJI,23175,AMARAJI,2600906,Mata,1,170002162335,ARAÚJO,AVANTE,6.667,Centro-direita,7136,14135,50.48461266360099
2024,PE,23183,LAGOA GRANDE,23183,LAGOA GRANDE,2608750,São Francisco,1,170002377472,CATHARINA GARZIERA,PSB,3.699,Centro-esquerda,11491,15929,72.13886621884613
2024,PE,23191,ANGELIM,23191,ANGELIM,2601003,Agreste,1,170002145356,CAIQUE O GALEGUINHO,PSB,3.699,Centro-esquerda,4156,7749,53.63272680345851
2024,PE,23205,ARAÇOIABA,23205,ARAÇOIABA,2601052,Metropolitana de Recife,1,170001989220,JOGLI UCHÔA,PSD,7.151,Direita,9958,15054,66.14853195164076
2024,PE,23213,ARARIPINA,23213,ARARIPINA,2601102,Sertão,1,170002121571,EVILÁSIO MATEUS,PDT,3.977,Centro-esquerda,27099,46711,58.0141722506476
2024,PE,23221,CASINHAS,23221,CASINHAS,2604155,Agreste,1,170002014473,JULIANA DE CHAPARRAL,UNIÃO,8.749,Extrema direita,6364,9432,67.4724342663274
2024,PE,23230,ARCOVERDE,23230,ARCOVERDE,2601201,Sertão,1,170002024464,ZECA CAVALCANTI,PODE,7.666,Direita,23091,39024,59.17127921279213
2024,PE,23248,MANARI,23248,MANARI,2609154,Sertão,1,170002126877,JUNIOR DE AUDALIO,PP,8.398,Direita,6089,10905,55.83677212287941
2024,PE,23256,BARRA DE GUABIRABA,23256,BARRA DE GUABIRABA,2601300,Agreste,1,170002006148,DIOGO,PSDB,6.966,Centro-direita,5504,8326,66.10617343262071
2024,PE,23264,JATOBÁ,23264,JATOBÁ,2608057,São Francisco,1,170001914506,ROGÉRIO FERREIRA,REPUBLICANOS,8.584,Extrema direita,6081,9275,65.5633423180593
2024,PE,23272,BARREIROS,23272,BARREIROS,2601409,Mata,1,170002183861,CARLINHOS DA PEDREIRA,PP,8.398,Direita,15899,22586,70.39316390684495
2024,PE,23280,TAMANDARÉ,23280,TAMANDARÉ,2614857,Mata,1,170002327184,CARRAPICHO,REPUBLICANOS,8.584,Extrema direita,9810,16964,57.828342372082055
2024,PE,23299,BELÉM DE MARIA,23299,BELÉM DE MARIA,2601508,Mata,1,170001940161,BETO DO SARGENTO,PSDB,6.966,Centro-direita,4117,8029,51.27662224436418
2024,PE,23302,JAQUEIRA,23302,JAQUEIRA,2607950,Mata,1,170001962171,RIDETE PELLEGRINO,PSD,7.151,Direita,6470,7430,87.07940780619111
2024,PE,23310,BELÉM DO SÃO FRANCISCO,23310,BELÉM DO SÃO FRANCISCO,2601607,São Francisco,1,170001970081,CALBY CARVALHO,REPUBLICANOS,8.584,Extrema direita,6741,12925,52.154738878143135
2024,PE,23329,SANTA FILOMENA,23329,SANTA FILOMENA,2612554,Sertão,1,170001966777,GILDEVAN,PSD,7.151,Direita,5824,10917,53.34798937437025
2024,PE,23337,BELO JARDIM,23337,BELO JARDIM,2601706,Agreste,1,170002188250,GILVANDRO ESTRELA,UNIÃO,8.749,Extrema direita,33126,45570,72.69256089532587
2024,PE,23353,BETÂNIA,23353,BETÂNIA,2601805,Sertão,1,170002198527,BEBE ÁGUA,PSB,3.699,Centro-esquerda,4191,8231,50.91726400194387
2024,PE,23370,BEZERROS,23370,BEZERROS,2601904,Agreste,1,170002171744,LUCIELLE LAURENTINO,UNIÃO,8.749,Extrema direita,27959,37898,73.77434165391314
2024,PE,23396,BODOCÓ,23396,BODOCÓ,2602001,Sertão,1,170001951716,DR. OTÁVIO,MDB,6.698,Centro-direita,13974,23327,59.90483131135594
2024,PE,23418,BOM CONSELHO,23418,BOM CONSELHO,2602100,Agreste,1,170002110211,DOUTOR EDÉZIO,PV,4.245,Centro-esquerda,13258,26076,50.84368768215984
2024,PE,23434,BOM JARDIM,23434,BOM JARDIM,2602209,Agreste,1,170001993468,JANJÃO,UNIÃO,8.749,Extrema direita,13659,23608,57.857505930193156
2024,PE,23450,BONITO,23450,BONITO,2602308,Agreste,1,170002132261,DR. RUY,PSB,3.699,Centro-esquerda,12332,24582,50.16678870718412
2024,PE,23477,BREJÃO,23477,BREJÃO,2602407,Agreste,1,170002050326,SAULO MARUIM,PP,8.398,Direita,4275,8286,51.59304851556843
2024,PE,23493,BREJINHO,23493,BREJINHO,2602506,Sertão,1,170002006596,GILSON BENTO,REPUBLICANOS,8.584,Extrema direita,4589,6353,72.23359042971825
2024,PE,23515,BREJO DA MADRE DE DEUS,23515,BREJO DA MADRE DE DEUS,2602605,Agreste,1,170002206125,ROBERTO ASFORA,PP,8.398,Direita,14964,26795,55.846239970143685
2024,PE,23531,BUENOS AIRES,23531,BUENOS AIRES,2602704,Mata,1,170001915078,HENRIQUE QUEIROZ,PP,8.398,Direita,5642,10336,54.5859133126935
2024,PE,23558,BUÍQUE,23558,BUÍQUE,2602803,Agreste,1,170002058900,TÚLIO MONTEIRO,MDB,6.698,Centro-direita,16044,29106,55.122655122655125
2024,PE,23574,CABO DE SANTO AGOSTINHO,23574,CABO DE SANTO AGOSTINHO,2602902,Metropolitana de Recife,1,170001935054,LULA CABRAL,SOLIDARIEDADE,6.193,Centro-direita,60103,128879,46.635215977777605
2024,PE,23590,CABROBÓ,23590,CABROBÓ,2603009,São Francisco,1,170002120541,GALEGO DE NANAI,AVANTE,6.667,Centro-direita,14317,20909,68.47290640394088
2024,PE,23612,CACHOEIRINHA,23612,CACHOEIRINHA,2603108,Agreste,1,170002005234,ANDRÉ RAIMUNDO,PSDB,6.966,Centro-direita,8016,13253,60.484418622198746
2024,PE,23639,CAETÉS,23639,CAETÉS,2603207,Agreste,1,170002243476,TIRRI,REPUBLICANOS,8.584,Extrema direita,9777,14356,68.10392867093898
2024,PE,23655,CALÇADO,23655,CALÇADO,2603306,Agreste,1,170002035841,ZÉ ELIAS FILHO,PP,8.398,Direita,4244,6722,63.1359714370723
2024,PE,23671,CALUMBI,23671,CALUMBI,2603405,Sertão,1,170002356962,JOELSON,AVANTE,6.667,Centro-direita,4598,6174,74.47359896339488
2024,PE,23698,CAMOCIM DE SÃO FÉLIX,23698,CAMOCIM DE SÃO FÉLIX,2603504,Agreste,1,170001967667,SOSTENES,PSD,7.151,Direita,7949,12346,64.38522598412442
2024,PE,23710,CAMUTANGA,23710,CAMUTANGA,2603603,Mata,1,170002039006,TALITA DE DODA,PV,4.245,Centro-esquerda,3418,6056,56.439894319682956
2024,PE,23736,CANHOTINHO,23736,CANHOTINHO,2603702,Agreste,1,170001950360,SANDRA PAES,REPUBLICANOS,8.584,Extrema direita,10548,12773,82.58044312221091
2024,PE,23752,CAPOEIRAS,23752,CAPOEIRAS,2603801,Agreste,1,170001964114,NEGO DO MERCADO,PSB,3.699,Centro-esquerda,9233,11967,77.15383972591293
2024,PE,23779,CARNAÍBA,23779,CARNAÍBA,2603900,Sertão,1,170002154954,BERG GOMES,PSB,3.699,Centro-esquerda,7831,13755,56.93202471828426
2024,PE,23795,CARPINA,23795,CARPINA,2604007,Mata,1,170001964412,EDUARDA GOUVEIA,PODE,7.666,Direita,15758,48489,32.49809235084246
2024,PE,23817,CARUARU,23817,CARUARU,2604106,Agreste,1,170002217637,RODRIGO PINHEIRO,PSDB,6.966,Centro-direita,102198,193989,52.68236858790962
2024,PE,23833,CATENDE,23833,CATENDE,2604205,Mata,1,170001950651,DONA GRAÇA,PSDB,6.966,Centro-direita,10531,21174,49.7355247001039
2024,PE,23850,CEDRO,23850,CEDRO,2604304,Sertão,1,170001983313,RIVA BEZERRA,PSD,7.151,Direita,3959,7841,50.49100879989797
2024,PE,23876,CHÃ DE ALEGRIA,23876,CHÃ DE ALEGRIA,2604403,Mata,1,170002043965,MARCOS DA ROÇA,REPUBLICANOS,8.584,Extrema direita,5258,9793,53.691412233227815
2024,PE,23892,CHÃ GRANDE,23892,CHÃ GRANDE,2604502,Mata,1,170002058442,SANDRO ADVOGADO,AVANTE,6.667,Centro-direita,9640,15555,61.97364191578271
2024,PE,23914,CONDADO,23914,CONDADO,2604601,Mata,1,170002248243,ALBINO,PP,8.398,Direita,9173,9428,97.29529062367416
2024,PE,23930,CORRENTES,23930,CORRENTES,2604700,Agreste,1,170002323444,EDIMILSON DA BAHIA,PT,2.761,Esquerda,5722,11206,51.06193110833482
2024,PE,23957,CORTÊS,23957,CORTÊS,2604809,Mata,1,170001973565,FATIMA BORBA,PSDB,6.966,Centro-direita,3910,9132,42.816469557599646
2024,PE,23973,CUMARU,23973,CUMARU,2604908,Agreste,1,170002043580,ZENEIDE MEDEIROS,PSB,3.699,Centro-esquerda,6645,11828,56.18025025363544
2024,PE,23990,CUPIRA,23990,CUPIRA,2605004,Agreste,1,170002039386,EDUARDO LIRA,UNIÃO,8.749,Extrema direita,9185,14946,61.45456978455774
2024,PE,24015,CUSTÓDIA,24015,CUSTÓDIA,2605103,Sertão,1,170002031392,MANOEL MESSIAS,PSD,7.151,Direita,13438,22533,59.63697687835619
2024,PE,24031,ESCADA,24031,ESCADA,2605202,Mata,1,170002200184,MARY GOUVEIA,PL,9.068,Extrema direita,19357,38600,50.14766839378238
2024,PE,24058,EXU,24058,EXU,2605301,Sertão,1,170002135219,JUNIOR PINTO,PSDB,6.966,Centro-direita,11693,22845,51.1840665353469
2024,PE,24074,FEIRA NOVA,24074,FEIRA NOVA,2605400,Agreste,1,170001881155,JOEL GONZAGA,PSD,7.151,Direita,8462,14541,58.19407193452995
2024,PE,24090,FERREIROS,24090,FERREIROS,2605509,Mata,1,170001943117,ZÉ ROBERTO,PSB,3.699,Centro-esquerda,5630,8527,66.02556584965404
2024,PE,24112,FLORES,24112,FLORES,2605608,Sertão,1,170001983459,GILBERTO RIBEIRO,PSB,3.699,Centro-esquerda,8002,12070,66.29660314830157
2024,PE,24139,FLORESTA,24139,FLORESTA,2605707,São Francisco,1,170002163609,RORRÓ MANIÇOBA,PP,8.398,Direita,10235,20134,50.83440945664051
2024,PE,24155,FREI MIGUELINHO,24155,FREI MIGUELINHO,2605806,Agreste,1,170002149250,LINDONALDO DA FARINHA,PSB,3.699,Centro-esquerda,5781,11494,50.29580650774317
2024,PE,24171,GAMELEIRA,24171,GAMELEIRA,2605905,Mata,1,170002040294,DR LEANDRO,PSD,7.151,Direita,9704,11001,88.21016271248068
2024,PE,24198,GARANHUNS,24198,GARANHUNS,2606002,Agreste,1,170002195081,SIVALDO ALBINO,PSB,3.699,Centro-esquerda,49838,69828,71.37251532336599
2024,PE,24210,GLÓRIA DO GOITÁ,24210,GLÓRIA DO GOITÁ,2606101,Mata,1,170002044256,JAIMINHO,PODE,7.666,Direita,9869,18298,53.93485626844464
2024,PE,24236,GOIANA,24236,GOIANA,2606200,Mata,1,170002489059,MARCILIO REGIO,PP,8.398,Direita,28122,63610,44.21002986951737
2024,PE,24252,GRANITO,24252,GRANITO,2606309,Sertão,1,170001951713,GEORGE DE SIDNEY,PT,2.761,Esquerda,3591,5989,59.959926531975285
2024,PE,24279,GRAVATÁ,24279,GRAVATÁ,2606408,Agreste,1,170002041606,PADRE JOSELITO,AVANTE,6.667,Centro-direita,32888,52171,63.03885300262598
2024,PE,24295,IATI,24295,IATI,2606507,Agreste,1,170002113489,CAMILA SOUZA,PSB,3.699,Centro-esquerda,6346,11778,53.880115469519446
2024,PE,24317,IBIMIRIM,24317,IBIMIRIM,2606606,Sertão,1,170002019876,WELLITON SIQUEIRA,PSDB,6.966,Centro-direita,11508,16471,69.86825329366766
2024,PE,24333,IBIRAJUBA,24333,IBIRAJUBA,2606705,Agreste,1,170002007634,IZALTA,PSDB,6.966,Centro-direita,3083,5678,54.2972877773864
2024,PE,24350,IGARASSU,24350,IGARASSU,2606804,Metropolitana de Recife,1,170002006197,PROFESSORA ELCIONE,PSDB,6.966,Centro-direita,40820,70398,57.98460183527941
2024,PE,24376,IGUARACY,24376,IGUARACY,2606903,Sertão,1,170001980448,DR PEDRO ALVES,PSDB,6.966,Centro-direita,4328,7444,58.140784524449224
2024,PE,24392,INAJÁ,24392,INAJÁ,2607000,Sertão,1,170002156825,MARCELO DE ALBERTO,REPUBLICANOS,8.584,Extrema direita,8694,12258,70.9251101321586
2024,PE,24414,INGAZEIRA,24414,INGAZEIRA,2607109,Sertão,1,170001952117,LUCIANO TORRES,PSB,3.699,Centro-esquerda,2875,3742,76.83057188669162
2024,PE,24430,IPOJUCA,24430,IPOJUCA,2607208,Metropolitana de Recife,1,170001915023,CARLOS SANTANA,REPUBLICANOS,8.584,Extrema direita,32805,71931,45.60620594736623
2024,PE,24457,IPUBI,24457,IPUBI,2607307,Sertão,1,170002134006,JOÃO MARCOS SIQUEIRA,PSD,7.151,Direita,9804,18834,52.054794520547944
2024,PE,24473,ITACURUBA,24473,ITACURUBA,2607406,São Francisco,1,170002134914,JUNINHO CANTARELLI,PSB,3.699,Centro-esquerda,2625,4497,58.37224816544363
2024,PE,24490,ITAÍBA,24490,ITAÍBA,2607505,Agreste,1,170002021592,PEDRO PILOTA,REPUBLICANOS,8.584,Extrema direita,8292,16367,50.66291928881286
2024,PE,24511,ILHA DE ITAMARACÁ,24511,ILHA DE ITAMARACÁ,2607604,Metropolitana de Recife,1,170002149011,PAULO GALVÃO,PSDB,6.966,Centro-direita,6849,8279,82.72738253412248
2024,PE,24538,ITAPETIM,24538,ITAPETIM,2607703,Sertão,1,170002129682,ALINE,PSB,3.699,Centro-esquerda,6111,9837,62.12259835315645
2024,PE,24554,ITAQUITINGA,24554,ITAQUITINGA,2607802,Mata,1,170002215530,PATRICK MORAES,PSD,7.151,Direita,6132,10966,55.91829290534379
2024,PE,24570,JABOATÃO DOS GUARARAPES,24570,JABOATÃO DOS GUARARAPES,2607901,Metropolitana de Recife,1,170001935254,MANO MEDEIROS,PL,9.068,Extrema direita,180810,323282,55.92949808526302
2024,PE,24597,JATAÚBA,24597,JATAÚBA,2608008,Agreste,1,170002259555,DRA CÁTIA,PP,8.398,Direita,7322,12103,60.497397339502605
2024,PE,24619,JOÃO ALFREDO,24619,JOÃO ALFREDO,2608107,Agreste,1,170002191657,ZÉ MARTINS,PSB,3.699,Centro-esquerda,13145,19758,66.53001315922664
2024,PE,24635,JOAQUIM NABUCO,24635,JOAQUIM NABUCO,2608206,Mata,1,170002395900,MÁRCIA BARRETO,PSDB,6.966,Centro-direita,6404,12232,52.354480052321776
2024,PE,24651,JUPI,24651,JUPI,2608305,Agreste,1,170002201856,RIVANDA,PSD,7.151,Direita,6589,6589,100
2024,PE,24678,JUREMA,24678,JUREMA,2608404,Agreste,1,170002106408,BRANCO DE GERALDO,PT,2.761,Esquerda,5661,9822,57.63591936469151
2024,PE,24694,LAGOA DE ITAENGA,24694,LAGOA DE ITAENGA,2608503,Mata,1,170001915130,DIMAS NATANAEL,REPUBLICANOS,8.584,Extrema direita,8417,15662,53.74154003320138
2024,PE,24716,LAGOA DO OURO,24716,LAGOA DO OURO,2608602,Agreste,1,170002036231,EDSON QUEBRA SANTO,PP,8.398,Direita,5465,9003,60.70198822614684
2024,PE,24732,LAGOA DOS GATOS,24732,LAGOA DOS GATOS,2608701,Agreste,1,170001923998,STÊNIO,PP,8.398,Direita,7637,9258,82.49081875135019
2024,PE,24759,LAJEDO,24759,LAJEDO,2608800,Agreste,1,170001914477,ERIVALDO CHAGAS,REPUBLICANOS,8.584,Extrema direita,16559,26329,62.892627900793805
2024,PE,24775,LIMOEIRO,24775,LIMOEIRO,2608909,Agreste,1,170001898654,ORLANDO JORGE,PODE,7.666,Direita,24898,35538,70.06021723225842
2024,PE,24791,MACAPARANA,24791,MACAPARANA,2609006,Mata,1,170002286180,PAQUINHA,PP,8.398,Direita,8842,15701,56.314884402267374
2024,PE,24813,MACHADOS,24813,MACHADOS,2609105,Agreste,1,170002068099,JUAREZ DA BANANA,PSB,3.699,Centro-esquerda,3955,9110,43.41383095499451
2024,PE,24830,MARAIAL,24830,MARAIAL,2609204,Mata,1,170002065865,MARLOS HENRIQUE,PSDB,6.966,Centro-direita,4055,6720,60.342261904761905
2024,PE,24856,MIRANDIBA,24856,MIRANDIBA,2609303,Sertão,1,170002107312,DR EVALDO,PSB,3.699,Centro-esquerda,6025,9597,62.780035427737836
2024,PE,24872,MORENO,24872,MORENO,2609402,Metropolitana de Recife,1,170001991266,EDMILSON CUPERTINO,PP,8.398,Direita,26835,37401,71.74941846474694
2024,PE,24899,NAZARÉ DA MATA,24899,NAZARÉ DA MATA,2609501,Mata,1,170001915020,ANINHA DA FERBOM,PSDB,6.966,Centro-direita,10102,21179,47.69819160489164
2024,PE,24910,OLINDA,24910,OLINDA,2609600,Metropolitana de Recife,2,170001959444,MIRELLA,PSD,7.151,Direita,111613,217229,51.38034056226379
2024,PE,24937,OROBÓ,24937,OROBÓ,2609709,Agreste,1,170002242378,BIU ABREU,PSDB,6.966,Centro-direita,7965,14467,55.056335107486
2024,PE,24953,OROCÓ,24953,OROCÓ,2609808,São Francisco,1,170002258001,ISMAEL LIRA,PSD,7.151,Direita,5723,10485,54.58273724368145
2024,PE,24970,OURICURI,24970,OURICURI,2609907,Sertão,1,170002122002,VICTOR COELHO,REPUBLICANOS,8.584,Extrema direita,20485,38650,53.0012936610608
2024,PE,24996,PALMARES,24996,PALMARES,2610004,Mata,1,170002104102,JUNIOR DE BETO,PP,8.398,Direita,25905,31045,83.44338862940893
2024,PE,25011,PALMEIRINA,25011,PALMEIRINA,2610103,Agreste,1,170002103692,DELEGADA THATIANNE,PP,8.398,Direita,2635,4569,57.67126285839352
2024,PE,25038,PANELAS,25038,PANELAS,2610202,Agreste,1,170002241555,RUBEN,PSB,3.699,Centro-esquerda,13068,15420,84.74708171206225
2024,PE,25054,PARANATAMA,25054,PARANATAMA,2610301,Agreste,1,170002199794,DR HENRIQUE GOIS,MDB,6.698,Centro-direita,5036,9710,51.864057672502575
2024,PE,25070,PARNAMIRIM,25070,PARNAMIRIM,2610400,Sertão,1,170002008338,MÚCIO ANGELIM,PP,8.398,Direita,8421,8421,100
2024,PE,25097,PASSIRA,25097,PASSIRA,2610509,Agreste,1,170002115864,SILVESTRE,PSD,7.151,Direita,12704,20616,61.6220411331005
2024,PE,25119,PAUDALHO,25119,PAUDALHO,2610608,Mata,1,170001967091,PAULINHA DA EDUCAÇÃO,PODE,7.666,Direita,24394,35291,69.12243914879147
2024,PE,25135,PAULISTA,25135,PAULISTA,2610707,Metropolitana de Recife,2,170002082073,RAMOS,PSDB,6.966,Centro-direita,120228,163884,73.36164604232262
2024,PE,25151,PEDRA,25151,PEDRA,2610806,Agreste,1,170002043917,JÚNIOR VAZ,PV,4.245,Centro-esquerda,9555,14628,65.31993437243642
2024,PE,25178,PESQUEIRA,25178,PESQUEIRA,2610905,Agreste,1,170001981434,CACIQUE MARCOS,REPUBLICANOS,8.584,Extrema direita,19613,38344,51.15011475067807
2024,PE,25194,PETROLÂNDIA,25194,PETROLÂNDIA,2611002,São Francisco,1,170001885332,FABIANO MARQUES,REPUBLICANOS,8.584,Extrema direita,13316,18779,70.90899408914213
2024,PE,25216,PETROLINA,25216,PETROLINA,2611101,São Francisco,1,170001936662,SIMÃO DURANDO,UNIÃO,8.749,Extrema direita,107806,182214,59.16449888592534
2024,PE,25232,POÇÃO,25232,POÇÃO,2611200,Agreste,1,170002059076,GUILHERME VASCONCELOS,MDB,6.698,Centro-direita,5977,7246,82.48688931824455
2024,PE,25259,POMBOS,25259,POMBOS,2611309,Mata,1,170002117894,ELIAS MEU FII,MDB,6.698,Centro-direita,7316,16933,43.20557491289198
2024,PE,25275,PRIMAVERA,25275,PRIMAVERA,2611408,Mata,1,170001970165,JEYSON FALCÃO,PSB,3.699,Centro-esquerda,4833,9092,53.156621205455345
2024,PE,25291,QUIPAPÁ,25291,QUIPAPÁ,2611507,Mata,1,170002116323,PITÉ,REPUBLICANOS,8.584,Extrema direita,6351,11869,53.50914146094869
2024,PE,25313,RECIFE,25313,RECIFE,2611606,Metropolitana de Recife,1,170002004102,JOÃO CAMPOS,PSB,3.699,Centro-esquerda,725721,929022,78.1166646215052
2024,PE,25330,RIACHO DAS ALMAS,25330,RIACHO DAS ALMAS,2611705,Agreste,1,170001967985,DIÓ FILHO,PSDB,6.966,Centro-direita,10823,18314,59.096865785737684
2024,PE,25356,RIBEIRÃO,25356,RIBEIRÃO,2611804,Mata,1,170001976558,CAROL JORDÃO,PSB,3.699,Centro-esquerda,12341,22508,54.829393993246846
2024,PE,25372,RIO FORMOSO,25372,RIO FORMOSO,2611903,Mata,1,170002040190,BERG DE HACKER,PSDB,6.966,Centro-direita,5863,13599,43.113464225310686
2024,PE,25399,SAIRÉ,25399,SAIRÉ,2612000,Agreste,1,170001915527,GILDO DIAS,PT,2.761,Esquerda,6766,8875,76.23661971830985
2024,PE,25410,SALGADINHO,25410,SALGADINHO,2612109,Agreste,1,170002069327,JOIA,PSDB,6.966,Centro-direita,4380,5939,73.74978952685638
2024,PE,25437,SALGUEIRO,25437,SALGUEIRO,2612208,Sertão,1,170001920971,FABINHO,PRD,8.409,Direita,19829,33940,58.42368886269888
2024,PE,25453,SALOÁ,25453,SALOÁ,2612307,Agreste,1,170002244848,JUNIOR DE RIVALDO,PSDB,6.966,Centro-direita,6872,8857,77.5883481991645
2024,PE,25470,SANHARÓ,25470,SANHARÓ,2612406,Agreste,1,170002014738,CÉSAR FREITAS,PC do B,1.834,Esquerda,9264,12449,74.41561571210539
2024,PE,25496,SANTA CRUZ DO CAPIBARIBE,25496,SANTA CRUZ DO CAPIBARIBE,2612505,Agreste,1,170002014908,HELINHO ARAGÃO,PSD,7.151,Direita,36318,52031,69.80069573907862
2024,PE,25518,SANTA MARIA DA BOA VISTA,25518,SANTA MARIA DA BOA VISTA,2612604,São Francisco,1,170002144790,GEORGE DUARTE,PP,8.398,Direita,18163,25579,71.00746706282497
2024,PE,25534,SANTA MARIA DO CAMBUCÁ,25534,SANTA MARIA DO CAMBUCÁ,2612703,Agreste,1,170002123636,ROBEVAN,PV,4.245,Centro-esquerda,5478,9480,57.78481012658228
2024,PE,25550,SANTA TEREZINHA,25550,SANTA TEREZINHA,2612802,Sertão,1,170002214552,DELSON LUSTOSA,PODE,7.666,Direita,5438,6352,85.61083123425692
2024,PE,25577,SÃO BENEDITO DO SUL,25577,SÃO BENEDITO DO SUL,2612901,Mata,1,170002214303,ZÉ BAIANO,PP,8.398,Direita,3980,6100,65.24590163934427
2024,PE,25593,SÃO BENTO DO UNA,25593,SÃO BENTO DO UNA,2613008,Agreste,1,170002064743,ALEXANDRE BATITÉ,MDB,6.698,Centro-direita,16297,28544,57.094310538116595
2024,PE,25615,SÃO CAITANO,25615,SÃO CAITANO,2613107,Agreste,1,170001954882,JOSAFA,UNIÃO,8.749,Extrema direita,22155,24308,91.14283363501728
2024,PE,25631,SÃO JOÃO,25631,SÃO JOÃO,2613206,Agreste,1,170002053893,WILSON LIMA,PP,8.398,Direita,9011,9011,100
2024,PE,25658,SÃO JOAQUIM DO MONTE,25658,SÃO JOAQUIM DO MONTE,2613305,Agreste,1,170001915613,DUGUINHA,PSDB,6.966,Centro-direita,11524,13376,86.15430622009569
2024,PE,25674,SÃO JOSÉ DA COROA GRANDE,25674,SÃO JOSÉ DA COROA GRANDE,2613404,Mata,1,170002047824,BARBOSA,PSD,7.151,Direita,7463,14752,50.58975054229935
2024,PE,25690,SÃO JOSÉ DO BELMONTE,25690,SÃO JOSÉ DO BELMONTE,2613503,Sertão,1,170001993852,VINICIUS MARQUES,PSB,3.699,Centro-esquerda,15349,20452,75.04889497359672
2024,PE,25712,SÃO JOSÉ DO EGITO,25712,SÃO JOSÉ DO EGITO,2613602,Sertão,1,170002117114,FREDSON BRITO,REPUBLICANOS,8.584,Extrema direita,10523,19322,54.46123589690508
2024,PE,25739,SÃO LOURENÇO DA MATA,25739,SÃO LOURENÇO DA MATA,2613701,Metropolitana de Recife,1,170001991551,VINICIUS LABANCA,PSB,3.699,Centro-esquerda,56964,64448,88.38753723932473
2024,PE,25755,SÃO VICENTE FÉRRER,25755,SÃO VICENTE FÉRRER,2613800,Agreste,1,170002288239,MARCONE,PP,8.398,Direita,7270,11718,62.041303976787844
2024,PE,25771,SERRA TALHADA,25771,SERRA TALHADA,2613909,Sertão,1,170002270921,MÁRCIA CONRADO,PT,2.761,Esquerda,27952,48460,57.68056128765993
2024,PE,25798,SERRITA,25798,SERRITA,2614006,Sertão,1,170001917497,ALEUDO BENEDITO,MDB,6.698,Centro-direita,7615,13649,55.791633086673016
2024,PE,25810,SERTÂNIA,25810,SERTÂNIA,2614105,Sertão,1,170002097760,POLLYANNA ABREU,PSDB,6.966,Centro-direita,11478,20545,55.86760769043563
2024,PE,25836,SIRINHAÉM,25836,SIRINHAÉM,2614204,Mata,1,170002040601,MANOEL DA RETIFICA,PODE,7.666,Direita,11686,22893,51.046171318743724
2024,PE,25852,MOREILÂNDIA,25852,MOREILÂNDIA,2614303,Sertão,1,170002136286,TETO TEIXEIRA,PSDB,6.966,Centro-direita,5310,7975,66.58307210031347
2024,PE,25879,SOLIDÃO,25879,SOLIDÃO,2614402,Sertão,1,170002147297,MAYCO DA FARMÁCIA,PSB,3.699,Centro-esquerda,4207,4207,100
2024,PE,25895,SURUBIM,25895,SURUBIM,2614501,Agreste,1,170002060981,CHAPARRAL,UNIÃO,8.749,Extrema direita,18500,39249,47.13495885245484
2024,PE,25917,TABIRA,25917,TABIRA,2614600,Sertão,1,170002195128,FLÁVIO MARQUES,PT,2.761,Esquerda,9310,17967,51.81722045973173
2024,PE,25933,TACAIMBÓ,25933,TACAIMBÓ,2614709,Agreste,1,170002206424,JOELDA PEREIRA,PSDB,6.966,Centro-direita,4740,9030,52.49169435215947
2024,PE,25950,TACARATU,25950,TACARATU,2614808,São Francisco,1,170001959188,WASHINGTON,MDB,6.698,Centro-direita,7976,15077,52.90177090933209
2024,PE,25976,ITAMBÉ,25976,ITAMBÉ,2607653,Mata,1,170002251334,ARMANDO PIMENTEL,PV,4.245,Centro-esquerda,8982,19505,46.0497308382466
2024,PE,25992,TAQUARITINGA DO NORTE,25992,TAQUARITINGA DO NORTE,2615003,Agreste,1,170002180448,GENA LINS,PP,8.398,Direita,7541,18657,40.41914562898644
2024,PE,26018,TEREZINHA,26018,TEREZINHA,2615102,Agreste,1,170002111755,ARNOBIO GOMES,REPUBLICANOS,8.584,Extrema direita,2748,5411,50.785437072629826
2024,PE,26034,TERRA NOVA,26034,TERRA NOVA,2615201,São Francisco,1,170001982770,DINHA MORORÓ,AVANTE,6.667,Centro-direita,4709,7617,61.82223972692661
2024,PE,26050,TIMBAÚBA,26050,TIMBAÚBA,2615300,Mata,1,170002010774,MARINALDO ROSENDO,PP,8.398,Direita,14839,31598,46.9618330274068
2024,PE,26077,TORITAMA,26077,TORITAMA,2615409,Agreste,1,170001928097,SERGIO COLIN,MDB,6.698,Centro-direita,18816,28117,66.92036846036206
2024,PE,26093,TRACUNHAÉM,26093,TRACUNHAÉM,2615508,Mata,1,170001950325,IRMÃO ALUIZIO,PSD,7.151,Direita,7038,10262,68.58312219840187
2024,PE,26115,TRINDADE,26115,TRINDADE,2615607,Sertão,1,170002256494,HELBINHA DE RODRIGUES,UNIÃO,8.749,Extrema direita,12341,18833,65.52859342643232
2024,PE,26131,TRIUNFO,26131,TRIUNFO,2615706,Sertão,1,170001983531,LUCIANO BONFIM,PSDB,6.966,Centro-direita,5316,9902,53.68612401535044
2024,PE,26158,TUPANATINGA,26158,TUPANATINGA,2615805,Agreste,1,170002261603,PROFESSOR RONALDO,PP,8.398,Direita,5596,13320,42.012012012012015
2024,PE,26174,TUPARETAMA,26174,TUPARETAMA,2615904,Sertão,1,170001901200,DIÓGENES PATRIOTA,PSDB,6.966,Centro-direita,3619,6747,53.6386542166889
2024,PE,26190,VENTUROSA,26190,VENTUROSA,2616001,Agreste,1,170002056232,KELVIN CAVALCANTI,PSD,7.151,Direita,6642,12794,51.914960137564485
2024,PE,26212,VERDEJANTE,26212,VERDEJANTE,2616100,Sertão,1,170001923538,XICÃO TAVARES,PSDB,6.966,Centro-direita,4309,6884,62.59442184776293
2024,PE,26239,VERTENTES,26239,VERTENTES,2616209,Agreste,1,170001970819,RAEL,PSDB,6.966,Centro-direita,7192,14195,50.66572736879183
2024,PE,26255,VICÊNCIA,26255,VICÊNCIA,2616308,Mata,1,170001949424,EDER,PSDB,6.966,Centro-direita,9775,18005,54.2904748680922
2024,PE,26271,VITÓRIA DE SANTO ANTÃO,26271,VITÓRIA DE SANTO ANTÃO,2616407,Mata,1,170002127894,PAULO ROBERTO,MDB,6.698,Centro-direita,64589,83473,77.37711595366166
2024,PE,26298,CAMARAGIBE,26298,CAMARAGIBE,2603454,Metropolitana de Recife,1,170001915525,DIEGO CABRAL,REPUBLICANOS,8.584,Extrema direita,41968,92463,45.38896639736976
2024,PE,26310,ABREU E LIMA,26310,ABREU E LIMA,2600054,Metropolitana de Recife,1,170002212863,FLAVIO GADELHA,PSB,3.699,Centro-esquerda,40589,58991,68.80541099489753
2024,PE,26336,ITAPISSUMA,26336,ITAPISSUMA,2607752,Metropolitana de Recife,1,170002131848,JÚNIOR DE IRMÃ TECA,PSD,7.151,Direita,10945,18619,58.78403781083839
